{
  "MAE": 1.1524301644527553,
  "R2": 0.795955910331273
}